gyro_x,gyro_y,gyro_z
0.6663832763927349,2.295318345668252,-1.261127788214878
0.20644827783604217,1.0299044182071373,0.111489074556606
-0.8004737500731899,-1.138951338281402,-1.6015628540771083
1.2113021100071202,-1.0229076066129024,-0.18158592495322262
1.2634152743568405,-1.2553660326761404,-0.0386824746926647
-0.6568809405184857,-0.7569901282790209,-1.0323308358054362
-0.6198370428816246,-0.30947700117033994,1.7441333194519715
-1.1046163738533838,0.39905762693791663,-1.0725100159755896
-0.9176514725770789,0.2511099375681015,-0.7452096735011662
-0.03580830574780557,-1.3223327284414843,-0.532094022759607
-0.8631975302626939,-0.7525172263553739,-1.2384079639804932
0.14963379947415206,0.7635836131179458,0.7142691388647882
-0.614777622769151,-1.0342505120385663,-1.2991973183249066
-0.1994844646105077,-2.019464131379941,-1.1554961707190043
1.3510298711484672,0.623111111601151,0.4243853640331264
0.7455361105979946,1.7476112048897436,-0.4074060420430467
-0.04073189327166317,-0.4575342789067167,-0.9377017076756006
-0.35427049630630936,-0.6672845851159893,-0.5237641431343009
-0.9886595340282797,1.4463209133834383,2.046972447730222
0.05000698268342867,0.8635974272300743,-0.09188861162707841
-0.31164728314279583,-0.5884186007475123,-0.37169250710333535
-1.3500294551146945,0.906151958003322,-2.1035114245563333
0.5066222860287782,0.8668636116175124,0.36826165656787707
0.7268953081140982,0.4560357424818529,-0.11948758424817946
-1.510243644649338,-0.298345164779615,0.36574292591477736
0.5204714720907714,-0.7555746597130597,-1.2219421637815984
0.3294973660900019,1.002595002976969,-0.13901507708731983
-0.6524604382165339,-0.33322522521161585,-1.7440147828316588
1.1815977053230298,-1.5925025292220316,-0.4030764611154109
-0.6749994597216514,0.884909258286942,-0.07459939680007682
-0.732014856462586,-1.1478581166731523,-0.5927812610076005
0.6163309895304744,-0.08933402943175162,-1.6820787144822649
0.035853697978799524,-1.6987562105432403,-0.5541983142770364
-2.00745793544027,-0.5131752627970837,-0.21360791672085297
0.6040029732074292,-0.5233451994125826,-0.061616281933550364
0.012870678558771755,-1.1535974360325196,-0.8062923748090215
-0.8659219375573486,0.4626712519368385,-0.9097921627403577
-0.12965907180196504,0.27088385845481827,-1.5252112313959005
-0.1448573286506518,-1.4353469844513413,-1.2128287604568395
-1.172229444485994,-0.3142002752686041,-0.8611591586727505
-0.10075344941130027,0.3236378360867166,-0.24467983691168213
0.17300018711056947,-1.9442816499745896,0.6743744445311767
0.9113268756890154,-0.31859263162092893,0.4018945452726794
-0.4747132202855787,-1.3723715240766714,0.7001034361175922
0.34571914244027535,-0.6986284808739254,0.74300257747483
0.48654592723662,-0.004785172589823352,-0.008472316990018092
-1.4292745503834396,0.310358040566672,0.6709023681653716
-0.4260770774615903,0.7671454243959029,0.5551599962383454
-0.5541995306618298,-0.4806309638415527,0.17338587570725092
-0.8983191225921514,-0.09595115250530446,-2.168335283685626
-0.1146527908738303,0.3639713767039619,-1.696282905408536
-0.08805031777070113,2.481468820885068,0.612924635948794
1.1840982089360899,-0.33041897291689243,-1.232971622253235
-0.45982814067599703,0.6290078078710722,-0.4880690854589078
0.9406518394878677,-0.29007030606791273,-0.34175868654494906
-0.16336503790774354,0.17091109440112262,-1.5242893880250639
-0.7174822951309643,0.6251961917710794,0.57269350968915
0.7771259473122988,-0.14461664875494062,-0.6953341831299074
0.8348796771696713,-0.29389264566082757,-0.16547217968419903
0.22132754550675196,0.6667083080958967,2.475997626441523
0.12694121265759267,-0.29337112648258035,0.26260101784597994
0.5395367435503825,-0.14914096834336674,1.7305976446263518
0.5716728001257453,-0.7048096685483457,-2.7144913495660363
0.453245551834674,0.5322911025694118,-2.091117331093908
-3.629947271768533,0.37938378821239355,-0.7103487667487886
1.10377962883122,1.4727342929805558,-1.5922290817372116
0.42085257871643583,-1.6869271423215975,0.06193198956016588
-0.731160031679607,-0.09664826666682112,-0.3982160070187637
1.9735702199748524,-1.5940250040566948,-0.8195506798841826
0.4785371011582728,0.34134244811896114,-1.6363650540986059
-0.7490969355950028,0.18614433947234169,-0.5976257980522104
1.155690928587984,1.0545426877547228,1.3665213223271997
-2.1741448725973753,-0.07756327297626456,0.03827014390411291
1.621867954347533,-0.46290353797721945,1.3970134152662652
-2.479915022965107,-0.5347255205688781,0.5755138554861088
1.1542794571747281,-0.3034078910964671,-0.22279803999138267
-1.237196595135854,-0.7471175523284748,-0.5044805771403065
0.7171468400733495,2.1728954863049923,0.9142113761055269
0.7148970937753063,-0.5038798236086538,-0.43952252882802695
-0.12802699041589058,2.1432902187779836,-0.2318029148378475
1.5391115540764972,-0.14571037750214608,0.3528439837382491
1.2251679413471646,0.6468668892138884,-0.11955857187046094
0.26332315902686276,-0.9439349662462719,-0.7792801816624404
0.1266320644804881,-0.7341736888485622,-0.577609575809545
-0.013302679342367786,2.1099328277173766,0.6342683519297297
0.3308438299113899,-1.4120081676086624,1.6493381076385594
0.12943459072428767,0.7493687442946545,0.4819141774762485
0.4165839137755109,1.0787185755476962,-0.531618487355517
0.618840071596362,-2.4297587193437886,-0.009525262177945993
-0.022827792458918125,-1.9023701439846248,0.9846833606140417
0.38182651253274213,-0.3102131617092289,-1.1348665707833492
-1.8470225014806205,-0.6049173231913544,2.0841804276876164
0.7427344294603525,-0.8394592348215963,-1.7432914612343546
0.4390361723406553,-0.16694056610269686,-0.3507758329998789
-0.6985318569119546,0.5528146371437603,0.4352667613319748
0.9676342953682389,-0.4927406640820401,-0.9166008669199248
-0.5914914139960473,-0.11969293148986937,0.53616171046941
-0.13886301265104173,-0.34757564214974723,0.12857150154690064
0.7697374444329287,-1.2775386364372303,-0.9155392918534658
1.3320805991888471,0.436295344411144,-0.4181358837609983
-1.1064768160552527,1.9573027656950412,0.9423448222762378
-0.790470180942847,1.405869206442337,0.5697262928805247
-0.009988465147692957,1.246704287808021,0.5678322028114782
1.8061578384528245,1.0312347248900346,-0.3143066969282433
-1.1092140413544178,-1.0905098628382017,-0.6731086092765362
0.2226624137249584,0.6505785262893419,-1.2720961958661454
-0.635799312798427,0.8592687028081156,-0.28790823832750295
1.2705925004613958,-0.014260757223815267,1.4440123610077285
-0.19209809801176664,0.8306935340794398,0.4952996887338737
0.6727213075125245,0.39350929182521427,-2.3193027252211205
0.10992925225749334,-1.134860601894536,0.5302568625563105
0.265524676028279,0.08190136258070488,0.2066130632172903
0.3298395784320419,-0.20661788962710603,-1.6061785683986494
-0.3819253334199623,-0.4190025466382311,-0.3097014044700164
-1.1457262363614937,0.8975789889521949,0.14469698408168272
1.1959609886111133,1.3641401793217902,0.2020540022427947
-1.2112741965348353,1.0775581265721943,-0.2511933993399615
-1.2058811655315358,-0.959236910791911,-1.492643643495604
-0.9313517344492501,-0.3934261078034572,-0.8845966155269723
0.34152589199006816,-0.7209797089494568,-1.060241315488254
1.1023606593523225,-0.39852201957446864,0.8955540373320866
0.11110855588917086,0.9131583216195981,-0.4491178780781256
0.4891562827136046,1.6865026396573541,0.8871696993596001
0.017620666383450875,-0.562640139052738,-0.29298869877929135
0.0753527516733307,-0.02381158102888418,2.193296122042943
-0.33098768568514797,0.1766303224003948,-0.2979167124869522
-0.28718792421423,1.393290208154244,-0.0632123507755089
0.10809774258875882,-0.6508361470743397,-1.5036148676111103
-1.5341859028429994,1.0531453699445812,1.0389138323541305
0.8683912699092164,1.4863198767568035,0.5525497520393688
1.0431929486758191,-1.4685620337158936,0.411973360824045
0.32261212577131876,2.283264784652249,0.8147890253082397
0.28541603065268095,-0.3525418720397652,-0.2638428440838279
1.2066099459244999,-2.044414642475946,-0.9560075437604002
0.28888268595532596,0.8409755996956413,-1.4256619542092284
0.33013975729568923,0.9175016178101543,1.8034665715517129
-0.9872344615960859,1.2677878348353064,0.6255755020247937
-1.5324111420760496,0.330459815561744,-1.9030732576960936
-1.646229059072748,0.48671257355359415,0.2964232909506323
0.15872257197586032,0.34074491144805513,-0.4751321767486967
0.2726907927355698,1.371712886557714,1.6505259024891095
-1.0271468308920033,0.3798011409968197,-0.20948943705621875
-1.3399172541961855,1.1155879656417989,-0.764490951675713
0.8002185261689048,-0.026310701528545147,0.5500882882473729
-0.27060102149674536,0.7368040405919077,2.2251622526503803
0.14311851195656902,-2.6726200162548897,1.5092535319479485
-0.5820745334360371,2.2171173454363986,1.0775084266045742
-2.946488994310023,0.9840579585977572,-1.0385942070941554
0.7416645720163529,-1.645155756770549,-0.7230730071311177
-0.8704544913845623,-0.8740488911359511,-0.5731845366203439
0.9964546720236843,-0.007120678147060947,0.04732836674912638
0.7240953258766654,0.027127668825302615,-0.019793618156387662
-0.5657117494490239,0.4540154529099952,3.062808971285998
0.12119823424161424,-0.7935944591179573,1.7451945713008077
-1.7548365617337212,-0.233927153869188,-0.7832142857185306
-0.9176688166115097,-0.2017355322347368,0.12522300280204648
-0.05609444846524299,0.28027942984108295,0.11760721119915364
-0.8460141881617802,-2.364682511904786,-0.25462918184063577
0.3863844404172015,-2.1240923688179736,1.6469028548419016
-0.057996239619116215,-0.8974763603683336,-0.6839600907939763
-1.5949956782526529,1.2820613265231082,-1.1144086072197803
-0.29481502755474903,0.179425794552148,2.03717472081534
0.35185545024420417,-0.5552765700218885,-0.49607992095488906
1.1263708157567733,0.7997911986199916,0.9824824594314011
-1.759059618501067,0.13939884724722534,2.0145104637639504
-1.3123619115819511,0.9723422408733914,-0.8706721322438483
0.5137691846113313,-0.8398215836127944,-0.06845577708489965
-0.08280952103235782,-0.977970640150264,-1.414409373009267
1.6694424077453816,0.23042842338199437,-0.38906333410315636
-0.6801237127227373,-1.7843058264783571,0.3584839075562479
-0.4087486185412706,0.3195295071628651,-1.4380173379409977
-0.11252444345849584,0.06836398215469436,-0.5499794811838138
1.1017922994834475,-0.2724088305249531,0.08397492559033572
0.3132519826716157,0.6470153337419382,-0.3839350803681634
-2.007867167015556,-1.4011942961012658,2.095698757227053
2.58114616136285,-0.6195216014769358,-0.2994807886575695
-0.44399855755878936,0.722126080475996,-0.26975851212266516
0.35884362171440237,0.618162515116894,1.0543089612097656
1.3271565271558765,0.6970610282772869,0.09902134161935051
1.0790133501493002,0.7789930466886218,-0.3863969503299196
0.6878428225863621,0.45153414165457073,-0.3142719803521405
-0.9218760025061723,-0.4600909203418629,-0.49619446351752977
0.02996977802395217,-1.9042262510914223,0.12356213348295698
0.6742050178734,-0.5383874558651804,-1.3227807888817964
-0.8193636089871587,0.16121148044877132,0.31699653855770293
0.08995613857661756,-0.3362375095326046,0.472904983112832
1.1813227426691686,-0.9981654302095653,-2.2624209724673965
0.3090286732063767,0.7495865209183654,-0.3444116815685202
-0.050170985712386054,0.5748567428911231,0.8192446372014527
1.5985931036252876,-0.24753040591531325,0.8267693709620373
1.068441677580181,-0.6915199519628108,-0.7886208289839711
-1.5486663889970491,-0.030958229215366263,0.04516905135496462
0.09749503234665896,0.49584426007944254,-0.10636143655320061
-0.26450890114195785,1.1036885441806992,-0.5877657013312705
-0.934730662676487,-0.13896683939981913,0.8522506280185228
-0.06884989410597914,1.346028018379406,0.2783509721707373
-0.9235619728568822,-0.3966444856787401,-0.04389352270418143
1.411033895930364,0.9431570122502432,0.7980139898087284
-0.37819514213446564,-1.423815542353125,-1.8901778322975917
0.49267574540439524,0.7098255235577001,0.29311073460696474
1.024402145579087,-1.4430541872462548,1.3753300217829951
0.5095403493967677,0.600053056483053,2.30308437155649
-1.398197474616141,-0.8532969053332233,1.0181805892517442
0.5833100448430992,-0.8616602447909852,-0.17391670563969241
-0.5397714365745462,1.5180412099344363,2.568535814148482
-0.2401913910800815,0.0755316142523745,0.21434421689475908
-0.7038430021943197,1.7984286964855125,1.4630203029749993
-0.6673155338559311,1.1559839286936249,-0.8921216263624963
0.9050057184237312,1.2114185633791281,0.4194899309452425
-2.7807129130215387,-0.4796421223885743,0.06269587189961168
-0.10609091619523596,0.2676957735702206,-2.540213062944066
2.027801231850707,0.17590722948893772,-0.163913898155218
0.018727086692103986,-1.3200143013287549,-0.3236759104048415
0.10698690767138486,-1.2770498786885194,-0.18212002652612985
-1.4563403933549688,1.532278709750193,-0.9929073881224896
-0.5353199400116515,0.21157322887559613,-0.8606530135545712
-1.2060074522615847,0.5319208280061428,-0.16762188563190905
0.20721819048081414,-0.2215555414697539,-0.8247654175866989
1.39397143279308,-0.4706168046195738,0.11068621065785353
-0.9608043560448319,-1.5630834495232537,0.4916679883155363
-0.8927352130104254,-0.8301492542056048,-1.7145823076287776
-0.048008089766776854,1.4966092116132854,-0.5553918670697383
0.4000947143133695,-0.9055432331508503,-0.789554320919817
0.6439416886446547,0.4168013476087622,-0.518286892651236
2.289653878391488,0.3606125395567784,0.7220471061772088
-0.22135843256164983,-0.9069392222744472,-0.21649928907917015
-0.12742142880530383,-0.23746974932796322,-0.22580417447714388
0.6465772852183522,2.6496804885744925,-0.6291379138332198
-0.9223393456752045,1.5542839817996417,1.129258381222786
0.540506914300571,0.12236436174320116,-0.018902511091411972
-1.822547121334206,-1.0956016211324928,0.768776274245063
-2.4307399883901892,-0.40449982388720157,0.12355068613636087
0.8581219861603513,-0.22112508259201025,-0.21827772178245608
0.4493745439219303,-1.3516098478193306,-0.4107585743041217
-0.252417017583217,-0.5135644842882532,-0.4101903638312925
1.7638855423081028,0.5578381383763491,0.380775703373069
-0.46094008022207045,0.28729295152947765,-2.821962840603497
-1.4015972288990992,-1.8364316227953428,-1.3009600419170229
-0.8367906909875132,-0.7029219355099312,0.8319034727059509
-0.27876457545573213,-0.4876566085468069,0.27309083340268125
0.921489448769392,-1.8427726953677757,-0.2279853198800409
1.3481552983180425,-0.6481568817303883,0.06385750027439811
0.30399879899642085,1.0183017419938996,0.7060379137074226
-0.0914758809386615,-0.3293949889041075,-0.7514100690632064
-1.730698222840951,0.07214518878369866,-0.351061652303297
0.4676147315101757,-0.3685662241089023,-0.23424604950018246
1.2793263869538372,-1.2695960066687662,0.753290476672324
-0.7269829188678355,-0.5466745120673515,-0.6275651204974712
-1.7709994390864146,0.004855753594580897,0.8356386171730997
0.37130308707488824,0.65437504342165,1.456567178662321
-0.751971821320446,0.5314308470786963,0.08243069201168365
-0.33170535125056616,0.47609712552176725,-0.07057489757107238
0.04592846885661116,0.5191691976921916,-0.8550331297953244
-1.3993705732111144,-1.223832731403556,-0.27445133144506395
0.18382553567884985,1.4340398887780108,-0.5169421715161711
-1.0512239136838462,0.5523901501801909,0.524289184838914
-0.5578106263866407,0.27343807633903283,-0.43659934051353416
0.022942506553549846,1.1121254264329556,-0.656690780745053
-1.2467363145459596,0.937915839338097,-0.6837511106902804
-0.40979181628199907,-0.2330172085529281,-0.6849261908557008
-1.2557616506033298,-1.0165434950564036,0.3027823445015994
0.16883533572609646,0.09425024363491641,0.0714477015389117
1.2667983211346896,0.9739398179866045,-1.2823454726286356
1.2727942554311864,2.5848052030552218,-0.016402437576719935
0.8872201086603996,-1.0048819618810796,-0.36326674790896746
-0.24253180816213624,0.4183604736890801,0.7066304261151303
1.1914117278188607,-0.026787944534554957,-0.13684578631239536
0.11765832048775933,-1.8241150100831498,0.463464339193877
-1.2725563892180287,-0.0031812710090755496,0.5721448916285775
1.4987666510579498,0.28829565798975976,0.6923095950102184
0.8894570560362173,0.6200240408248163,0.3186320325796296
-0.4999740343598558,0.1552006243507997,1.5028861543493812
-0.05182339577867024,1.6640920530069798,-1.119072227101083
-1.4079329706867083,-0.9768594270417178,1.4519463922946059
-0.19692904637519526,-0.4441788574760214,-0.4087152290506255
0.4152328275543759,-0.4332225488600933,3.038641107663387
-2.659686623387242,-0.8222915582014072,1.3545259826087555
-0.6472956711857962,1.2525531770719387,-0.6399876874912309
1.3067437711827632,-0.012741736783757465,0.32922122531834624
-1.609777335595523,-0.7263525203023674,-1.4651343223661528
-0.42327163498820597,0.734906685359289,0.46123542028126374
1.3488226071835432,0.5147292703265622,1.3308362293949716
0.08895778856995779,-1.5871467712017733,0.20164367022838606
0.9183643654639003,-0.09483995860828438,1.4654690396415808
0.005787813491945004,1.7381038111269127,0.9003902800050609
0.04128869166786955,-1.4395435900171623,-1.0709390761069266
-0.29129225492225813,-1.517113773987229,-0.6608237117056797
-0.6198875895043487,0.4740913203142894,-0.7628016634143101
-0.3788765610640746,0.8223562519520605,0.6324663620093276
-1.855484115941491,0.7438090754461718,-0.8294556506308827
1.4156638225955454,-0.3166459033228345,0.2220551084709411
0.17798227096484057,0.3004693190081606,-1.5164944748467375
-0.7287575269706972,-0.12610350938754103,1.4829097576494932
1.0894106326919544,0.14764034438548235,-0.5261503826170933
-0.42112171953483524,1.1398276993142211,0.7324099063502054
-2.1016274285707484,-0.041370249653670914,-0.9208207415130907
0.282517385032331,0.7136224252114632,-0.5677402362690421
0.6144233841653345,0.41285432712224196,-0.3670452025342439
1.014648208859488,-1.8829034087592307,0.2500803336977234
0.29695935258669337,-0.3696287393647426,0.07045542033251379
-0.0034515610531775146,0.6353665607011851,0.16399107638880633
1.3956249966539995,-0.2742515465169061,-0.04007846115755127
-0.7179965485859029,-1.0238147123739982,-1.359366502253029
0.1751629170029864,-0.06664627089502795,-0.2758719086377343
-1.4519967151946496,-0.5381347328265182,0.8552889948088257
-0.44925426244190614,-0.7789046238056817,1.0377556894961304
1.1441893443456328,-0.20613432073004567,0.07836239786985486
-0.42103886057117884,0.08429563955135552,1.4514575729545072
-0.6742536659738696,-1.6439585389765439,-0.08089106285919839
-1.58284638594215,0.39602564080457153,0.7441971320204721
0.21720907547167467,0.19995768848316828,0.17349120940852225
-0.9019947187011167,-0.1315591956798062,0.0753216451406898
0.16048310457624673,-0.6896877106223046,0.7676624543821756
0.07156705783268964,-1.8779784135766422,0.38922070783796414
-0.532848313751004,-0.11173173149998034,1.1823737133812284
-1.5650580964449408,-0.24436834403671165,0.1265733842393508
0.284325195159721,0.4232381418058825,-0.0053438941822792725
-0.8210887892111474,-1.3514909415507816,1.1879736312964593
-0.7100515297325612,-1.2349011085445272,-2.5630594610952553
-0.8581323953663288,0.24609421708283835,-0.8106710197259127
0.8276199198988988,0.9328672780413378,2.487998499704164
0.38520001906187684,-1.6094229007600256,1.7719279361797795
-0.36025614586441734,0.3759459190199549,-1.141084752432279
-0.6697600286457468,1.1221154755680567,-0.5812500415685509
0.025316383047346458,-0.30380596186623804,-0.38538386351535764
-0.4197987964165657,0.32328448161628637,-1.5827862694433894
-0.6682383350903525,-0.14918542435083346,0.40329185839286064
0.33818594958375575,1.22934857861537,0.208064142640892
-0.7043906573715023,0.38110368904121256,1.2469947698119077
1.0476830394261436,-0.8501637405583611,0.40682124098636213
-0.9979173275208291,-1.373257034669229,-0.07402047271488565
0.1499565856068224,0.5178325867187895,1.1434946070120602
-1.2049112283814252,-0.584549350543523,-2.333500305934007
0.8195497128307795,0.14659658115186805,-1.2731958671125245
0.7166975495221332,-0.8197782340793792,0.6760314067102404
-0.4804310253216513,1.3537430106365034,-1.573942114625829
0.7024580454801461,-0.9083441980513288,-1.7916857692886872
-0.7576095540410499,0.5643818718944148,2.47324586805661
0.5174483977823874,-0.4577219603165806,1.0876170835742598
-0.6848225079961224,0.3906522210270755,0.4494444581681126
-0.6621290759963187,1.0564956291125691,1.1698620878604222
-1.2998811181503838,0.3103873046469932,1.1197136001054928
0.6582183385909537,-1.456215192180076,0.47824497518289844
-0.03882284838011011,0.5534494478119761,0.25701146060290364
0.7024506700631924,-0.2928556293062564,-0.2570692431600242
-0.20024103254740888,0.1066280374868785,-0.1485779193488702
0.7175111710445543,0.4997268585830218,1.1860945409065098
-0.7515483134035295,0.30002956070518705,-1.8760111737210052
0.8643347639970672,1.0170411341957084,0.06956223695758247
-1.3060572202996141,-1.5534150210554418,-0.9917988551040811
0.1468293050203437,-0.2303770410607336,0.48674300278302285
0.9303128412530693,-0.6711529284188328,0.6085613845415122
-1.844180552801232,0.171361897357909,0.6596881980700287
0.6986425533535567,0.8018084992033534,-1.0398291437313163
0.20539913585053368,0.38056579832918597,-0.022367907908113906
1.258346941715539,2.38118413804881,1.0158922937421233
-0.8915302111173741,-0.03983494097982591,0.7642176912571238
0.6410689638841136,0.13943471854378953,1.1141610669660746
-0.3227965093558621,-1.280684408333561,0.7758656328386782
0.17228060303856607,0.12114810352180654,-0.5814850952174324
-1.0963193529592925,-1.2538084236245428,0.8847800028118723
-0.6569418402529734,0.7626942492638261,0.4820972666120284
0.287452540672585,-0.7295620457355182,-0.6494329978959182
0.44168948890405535,0.21983836424129802,-0.02737161235885099
0.9717098428287526,-0.8403560269506138,1.6187828501595578
-0.9101702978472237,-0.3341362197177376,-2.087680595134621
-1.033390490027761,0.893203766179973,1.1050007469551588
-0.6228638707141687,-0.7886047916123884,1.2393590319349415
-1.380250369160534,-0.43572241736019235,-0.22568421998585106
1.2972499241912459,-0.22273891620370279,-0.8081630964369384
1.550046865120033,0.40477055716559474,0.28802707358089275
-0.1570178153489083,-0.46559604949867084,-0.8145330644816198
2.292063594919799,0.30781053700534206,-2.300986445283301
-0.2114699870006734,1.1252055418956237,0.46068589516326053
0.6881974330764954,0.389627234055679,-1.5336263649860253
-1.2347312504602266,1.8437738230212737,-1.1499291931990823
-0.2485575127435768,0.5690805820392023,-0.1364517550622904
-0.5763933255346579,1.2167493006714543,-1.463566142314751
0.04673235733544767,-0.27025946912695725,0.6019288230884408
-2.4086280860287137,-1.4502042302949503,1.1787902175034586
-0.5606117720454025,1.129703498351565,-0.3672346073012021
0.45057582980033306,1.972954759418314,0.03414426541314301
0.5757119018621073,1.0616994011055993,0.7474691633885476
0.8238150053621643,1.4114360781714226,-0.0752115835909666
1.6630434099282663,-0.14291059159750058,0.39785776093209185
-2.632342122356047,0.13566777327150437,-0.15803079585014868
2.2621122433090517,0.42896694021799464,0.7026794171130062
-0.37926428267486645,-0.7691675031429861,1.8214857760995589
3.085594916381636,-0.08362317539554902,-0.8928268581257818
1.3415256339334742,-0.7728739647993473,-0.10427041750153886
-0.47310266180569654,1.331339891465079,1.1215863385498814
0.9779831180202958,-0.6844693949585297,-1.3703055757893947
0.6762224834844162,-0.4352075917559425,2.322660019345663
-1.0122787971925193,-0.007518631543629018,0.5592404400589485
0.636604839632415,0.8170031333220699,-0.18289041798947805
1.1742947065779288,0.30639055293148293,0.9134400641434771
-0.3346435312528122,0.05606519205034265,-0.55576154583729
0.23793047245780374,-0.6811415662411715,-0.38244571470663047
1.0846335543368464,0.2820403529964998,-1.6792829286076698
-0.7565227145662378,0.10053657716709231,2.2871711862776976
0.7908380264105268,0.6846007390609352,-1.4285444687209765
1.313603110806427,0.524609461060312,-0.13510281156713527
0.055650501167394006,0.22331870836953907,-1.1790306151869956
-0.752918425680055,-0.19046655053164283,-0.8206289401041139
1.1863940635681265,-2.3288704217782703,-0.1292432986047241
-0.6543228581920669,0.6726463133724407,-0.8453562308419825
0.5803580072386703,1.3353714718482206,0.6521676075066004
-0.7101260180232405,-0.4040334111622888,-0.9188506100304713
2.0082689710835813,-0.29487683145226745,0.8448466992788259
-2.1875613350839895,-0.9711407494845861,-0.6556132009017294
0.596500620838206,-0.43618846958440166,-0.8633066740605299
1.121145060245115,1.4366371091604708,-0.633431923728992
0.8444931923153798,-0.0008136830906341198,-1.1239366539667517
-0.3773199391896133,0.09853258005025287,-1.5360868358654645
0.37091783537986633,0.32746279168648845,0.3165232043266929
1.1905306042700403,-2.1498561395231897,0.6323055620958092
-0.19189136197283185,-2.98920396539585,0.21635581191852246
1.758151448062147,0.7057940141534683,1.37154565942506
0.4653933710864869,0.5035208685024892,0.4453084205264165
-0.36863351381887577,-0.35868411261025024,0.45677416674767707
0.7012313290476038,-1.0051771142728958,-0.9392598246375489
-0.5284655101824117,0.4060322631355533,0.6049467938532386
0.0038069726293278507,0.6602206048494733,1.2972874416668627
0.21790144785024848,-0.05196195519699124,-0.107283150097132
0.15166447177646497,-1.29900304817292,0.9508035531248894
-0.05431900121793857,0.2069414467877884,1.0159731443008388
0.4374155849616097,0.2703388143476735,0.3133441580482059
-0.4847778043931512,-0.653229015118463,-0.45165854499974684
-0.08436066402194832,0.22550197263105953,0.28060690101446445
0.3107637176881866,-1.0899418967296115,0.8854080779491982
1.3442462185377022,1.4412768150894535,-0.43915552580541883
-0.29426022121504825,0.1441398575982151,0.3868574886350022
-1.1679627437172635,-0.18831689316004505,-0.1666095535083045
-0.7039741518384058,-0.6659891120186289,1.0356151982200252
-1.4435715469157868,-0.01751502895542918,-0.8717151391922209
-0.8229348581994523,0.44569932802011236,-0.8546310277139528
0.2105148748001358,0.5202404194363244,-0.22707053565295368
-1.0208837589614037,1.1383546586557411,-0.21751014879749495
-0.8768455896051572,1.0386379102133776,-1.4626256260833277
1.441000819019475,1.2875616417117448,2.9265872282261185
-0.9118820470372923,-0.7537315707297517,-1.4222188095929575
0.38637333815730657,-0.36820425983106037,0.257977910350862
1.8206937275841266,1.1534217318108098,-0.8051521332652701
3.0467282620635663,0.3812963169954895,-1.1363056015074733
-0.715365057355164,-0.8541391303365452,0.47357938626516277
1.2628516780595143,-0.08033710116240063,1.298908820911349
-0.2175709185049536,1.2164264096752624,0.21408654360013893
-0.06833581863210964,-1.123843026511037,-1.2006179542566975
-0.3798955971390163,-1.1274076814816445,0.5297373830884611
-1.603231899921506,0.5854729452194153,0.7518504600999099
-1.0255310919736231,-1.2463921091158077,-0.22964525743977554
-1.0102393144386899,0.27247910546100457,0.15092772336012725
1.9094434565555862,-0.9676080763811775,1.4452502388446085
0.06412025596393718,-1.4643291306874713,0.212233169338807
0.9180935365959707,-0.7080913757343751,0.02379663692012782
1.1167348411931122,0.11832070802612718,-0.9976389594940362
-0.4417161232106049,0.49383214924414565,0.22423939611904575
-0.4329550158355336,0.9531873173482356,-0.41749300131490635
-0.8450784144226513,0.24583429249953112,-2.715939567482346
-0.38487335103375925,-0.19867254825264447,0.30779759738504114
-0.2511059093063363,-0.7677738979219312,0.48708246128964267
0.40829875530026966,0.4155359447823723,-1.8953498520869778
-0.6551277257518894,0.16243529260827003,-0.22742958056611087
1.0555177618727556,0.30172896891746537,0.8635577399603808
-0.477194204482962,-0.27691234951300875,2.2181330432613
-1.457367101725325,-1.1907687033504837,0.4784923462193129
0.3525983996340632,0.35441482212229386,0.8930028660327048
-0.1130223085871161,-0.6050577741610268,0.3308949846985143
0.08076858746133583,1.2840229652068829,-1.5079218727364616
0.734957435791416,1.1057470456143492,1.3784684189954992
-1.490464315971586,1.479650169367148,-1.3474603692895364
0.5312136027690408,-0.9625839121072536,0.7726225459692245
1.7279009977539375,1.713334167119422,-1.7277423026544423
-0.7796715497924521,0.523745324555792,1.3553559478070114
0.9950862914495979,-0.9953439834620471,-0.9706936044435248
-0.2817696534664472,0.8537760032382776,-0.9455810434483872
-0.1756065815361998,0.22757206534056018,0.09990746388026879
1.2972238697738288,0.1922010987091583,-0.06903670710952771
0.13098907931281994,0.693881426446668,0.4062225778506813
0.578780509524134,0.6413223440473421,0.5465049617939954
1.1358384568086821,-1.2479315911546656,-1.1035412284273736
0.3089303775309411,3.5236960344677133,-0.6499810628347594
-0.005335186187640005,-2.3928598165572224,0.5202337627365332
-1.0878371637522135,1.2103890847376144,0.4655394835005991
-1.011703070384117,1.917103729239775,-0.9167114901198001
1.5559444042143473,1.3586397943636785,0.12314571492500796
-2.316286400349105,-0.8211679211134294,0.7465630579096888
0.7430372486229617,-0.3375421521409326,0.12738371933641582
0.513689502752838,-0.20480517823096228,-0.99054032769364
0.11385768920348988,0.8806962189187936,1.8530730639494863
0.6196859018429862,0.3792358265913942,0.11684951929178738
1.025096175451631,1.9069835980242742,0.3608902402614659
1.3786743715467777,-1.9519394434614794,-0.1511797584748149
1.4469935268163867,0.015562580992478913,0.910221974431722
0.4701605601286341,-0.7711909526783435,-0.6154307871573547
1.8629726808058193,1.6117834785348772,-0.5355047936653411
0.25850414835325586,-1.4936398241022861,0.24387895704049253
-0.5559728862174997,-0.17383577383422189,0.4163124486559711
0.2569662006931751,-1.2098842933430498,0.3554569141421654
-0.1915652101711457,0.4407205098901174,0.3920028274236608
0.5016722598346137,-1.057134351838417,-0.7243699869620667
0.661192362536555,0.963265141931803,0.7446426393897366
-2.2123851410037014,0.4172916324398358,0.12288232003032333
1.12987596275847,1.0650858295248133,0.14204820114952268
0.7450890775678021,1.2960731287287233,0.7612250603208095
-0.0010731971765295153,0.1618398112076087,0.5822450250297607
-1.5868965967147666,0.48519503057474983,0.056486813994116834
-1.272960864106588,-0.6726919722046745,0.5137157942772436
-0.41332742437886494,1.8377511172553258,-2.012113694209692
-0.22587521361663493,0.8759884816769177,-0.9512924976282209
-0.11708251160780325,1.5102795754929097,0.7499638356883984
1.380304040078876,0.43353164230821534,-1.7699273641496225
0.0949270690569486,0.2346157360117884,1.3397208837594492
-1.1880541943567775,0.5568328529363674,-1.0443835441848592
-0.6046995566967629,-0.7504107931334827,1.7005152808701065
-0.6005728290881868,-1.2342411679887804,-1.5543535355968314
0.3895180058516183,1.7036703195066707,-0.9765935938020721
0.7523393064851573,0.864726815685587,1.0277397775075536
-0.3893730122078861,-0.2415136970477265,0.8042279772742809
-0.8491564209635228,0.29920941522966454,1.294968005696426
-1.0269226693804672,-1.8574043926141197,-0.23584997252621712
0.5741531034671061,0.7130735205950074,-0.7035084586313808
0.2611764540478124,-2.4641447257748155,-0.7790659411297546
-1.302312914588998,-0.039409573323988284,-0.06074270254732188
-1.2869410340247096,1.7094827260023562,1.343879588017487
0.8566673389113132,0.46025579459507776,-0.19244206684629403
0.41155001588341195,-0.014066597211106813,-1.5040464466181815
-0.03423927402058541,-0.01788874896782948,-1.5151793363098058
-0.27870600508808857,1.3437204166847323,0.4670516092293259
-1.3362539468768395,-0.0075032021604569035,1.3924451039210544
1.9953586381369783,1.275662323147774,-1.374051237330779
0.4074839006390234,-1.3547749291670745,-1.4764166847922944
-0.938288158306553,0.8640597896765411,-0.43835479326187543
-1.3563022989117632,0.3309985311890661,-0.1895389245026302
0.12911275116329007,-0.16629047190672303,0.37859677721941193
0.7148383537011531,1.8729481186709591,-0.22165262470190505
-0.35166497459073726,-0.2896620884479123,-1.0430890005717746
-0.289551416750814,-0.7621218702101514,0.9170319193130484
-0.5180099234820374,-0.21243462950515468,0.20453876960309322
1.1744828690181353,0.2412208067701433,-0.021510235394925664
0.07655432738096501,-0.2554018071451276,1.0044638604431424
-0.41233091156324464,-1.0794610809161997,-1.1313557912372383
-0.3409014765514182,-0.1585149572556775,-1.2812524041631626
1.1862303508878005,-1.1344445811830928,-0.8009523798106599
1.576448848495591,1.4159396842208964,0.1348582219533611
1.2382797285606957,-1.9581632356848622,0.6886639767760435
1.711053347825236,1.16547795563867,-0.1292198942639168
-0.2531818990134362,-0.47192410362938114,0.41024962597513487
-1.126335490242711,0.6030525196018909,1.5546077806412018
0.22108888688409137,-1.7622555067026755,-0.07595151912676792
0.8557299310969614,1.4272950564008713,0.7598762223831063
-1.049451469963951,0.14304099462086683,-0.312646810562672
0.5436062964608953,-1.7930678355415317,2.238628920052387
1.7949076136595155,-0.38393414503405776,-1.0733401938216462
0.05329305998721146,0.34048686051681853,0.2819164810059751
0.812682469257435,0.4229240847577116,0.49554106509798734
0.18803774100308598,0.363327307028061,0.1409522592067238
-0.44193231319565723,1.1032348405224683,0.011794096139241102
1.0088434977585403,0.26751274347276094,1.4493098759075038
1.0445273500903536,-0.8590022872216074,-0.5220371624704061
-1.5368472672717521,0.6244570339335183,-0.7076084329790191
1.149658430489883,-1.005402034956566,-0.8423092599622338
0.6333135653580667,-1.265565346317372,1.0391595786758632
-0.5477071957944628,-0.6001205613465979,-0.01012275438915662
-1.3818542310093267,-0.24138443510993932,1.1532358215688459
0.4930017883111672,0.6740901794403542,1.647426263134579
0.0854238946447468,0.059134009860404145,0.6095308622270685
-0.9139602137053573,-1.401568522078433,1.3180636255801848
1.074863354485521,0.7948765844299497,0.4899334476171962
0.7305712055520485,0.3606637846553528,-0.4031340632691237
2.003409970029405,0.7499639736045077,3.06439840303259
-0.9769997190236482,0.8815139774258294,-0.5722023415989629
-0.3850490422610107,-0.6824286376733016,1.2277354352876013
0.46798651215358245,0.2524138228021442,-0.8895698164658825
-1.1120978898211382,-0.25918667178028926,0.43063078040321506
1.0808851363726533,-0.8086219858717177,0.2953791015068477
-0.28239494733687687,-0.03581985734932078,0.5947683554248263
1.0361143737560703,-0.6253394658527804,0.20392155497558326
-0.8335420389469995,1.8579771510140775,-1.2664929374764176
-1.4314810699757292,-1.412391701671783,1.4875841552178488
-0.40336190554812845,-0.5930319885580356,-1.1068174587743556
-0.44911535950790743,-1.2267570997909214,0.3477692549840617
-0.875671312495244,1.3908597640708247,-0.9899371014874249
0.9626872297836794,0.09091655786859658,-0.6689284389815888
-2.0492689681417415,-0.1946304027116326,-1.4825557658227917
2.1801715130568,0.19400519394583013,-0.37162954397113895
1.6839564164537415,1.670068688248722,-0.14891422878519373
-1.1103149350640695,0.7054188643282145,1.3926911078139286
-1.181281707522228,0.09392919225534635,1.0670653211225074
0.06554501858073539,1.3720547983463285,-0.5559949256086412
-1.3252002259872204,-1.8802374064955494,0.05692268515271963
-0.7098153348150444,0.708164104675819,0.3713961576362147
-1.4079651863865288,1.290940330032273,-0.4470658702153408
0.12796523793756648,-0.19908238874355352,-0.28533847685577196
1.1826787107900585,-0.7430750498552857,0.6203053073290531
-0.9355896330214539,-0.1443353069415661,-0.41198811609616853
-0.8571752234449656,-0.8395662088959259,0.7261657543463832
0.5536806815029097,-0.7826345553814938,1.4305424035334369
-0.10069207646442176,0.5519848967991627,-0.3963579228274288
0.09605902563466352,-2.8541195780962,0.03534637521553938
1.5900739228881684,-0.1254958550140409,1.0575443800744972
0.26288040142007996,0.7619838499468194,1.1402145118846068
-2.2620927953963608,-0.6927961873165501,0.41911566126357946
-1.8299469734703904,0.5062139519068962,-1.867510524714147
-1.9174939901249224,0.2221347395834032,1.9051770617867414
2.6836599151402294,2.5523564704015844,0.24666175061121817
-0.4198209778426053,-0.31254514491160257,-1.2931238438578947
0.8332952537186826,-0.2929450990485913,0.5252632247396324
0.08756399394288011,0.982497063065647,0.4270289867686406
0.08170943357552887,0.9555124981230102,0.5178336418870201
0.026340766081622353,-0.5376922406080379,-0.6008535705359583
0.24575855064949514,-0.9750386967010942,-0.8893724244575635
1.3156787449743819,0.7265574101639822,-0.6905326471330645
1.0547762015077267,0.6209862333715472,-1.2041514767927617
0.012640418302442419,-1.0264065290075892,-0.7888513750810128
-1.746480846878389,-1.0829975013804956,0.6697401598917289
-0.43191583615501783,-1.3924443053008677,-0.15129082726354534
-0.7854087167633106,-0.4152759339276998,0.9724341302488544
-1.385463708531445,-1.476303257523996,0.2847419289262562
1.2964926652551076,1.2070537698519668,-1.02345870274663
-0.6913200246571649,-0.10455896916431201,0.47701407635710086
-0.18262366587540066,0.40232627613173666,1.9320997963968105
1.4303185348718028,0.0011837829664222896,-0.5345299345419574
0.5380487817815431,3.6646844958079905,0.4170957287681909
-1.6185712064049496,-1.5480195237647618,-1.1226350149337647
-0.34337820815377024,0.11331459159793442,-0.737476214786279
-0.09868834924114182,0.9573120158639693,0.663335104035589
0.02559352314162634,-0.5278501014501136,0.15910578836222514
-0.15714625530335982,1.0745227399255513,-1.7069476611158263
0.1957346034974062,1.2634853692037258,-2.1040082605036163
0.22399586046658604,0.29734304663153316,-0.4722775434359156
-0.4007866295161633,0.5870662809711311,1.4238805199550824
-1.1766546117410683,-0.5821336181045427,-0.25101517114197736
1.2937163812650285,1.1628122438457213,-0.7300467014955155
1.3815736446291924,-1.869254283028022,1.5175832602329393
-0.4789483656653785,0.21998980457394268,-1.6530765094370945
-1.200839402225439,-1.3015848947490913,-0.25779691827715595
-2.194086206831606,0.3818875411095091,-0.4430348428194242
-0.5701818640977512,-0.2520168987240595,-0.2510540950419932
2.3362281341460336,1.241435490828557,-0.883980403399937
-0.33596858322703604,-0.7667547851450802,0.4949887890961733
2.078387790942478,-1.5347038622965714,-1.5939000548442988
-0.38568907385258366,2.09331201513604,1.3447158144092544
-0.7761229276522014,-0.1600797378852386,-0.2097978614937353
0.63326527287662,0.34161458189010135,2.3366474714329577
-0.1343735337342983,-1.154030666395608,-0.06590424998379932
-0.009140657164912549,-1.6550553584701424,-0.33079341474408247
1.5708148093772663,-0.2401091218383745,0.7679064650425174
-0.34303154909816397,-0.006391950810928852,-0.7802794121826536
0.5707387547882964,-0.0697312500513714,0.5670509527342861
1.320148128841847,0.5612638753840254,-0.24076043808717704
-1.2752634711805644,0.49101374543008025,0.02484284014632742
-0.7031837593862446,-1.2449452725562398,-0.8287966360654335
-0.4834846332536413,-1.0040598715184434,-0.4741003654355556
-0.9625232452555382,0.272498877076418,-0.9742902572007335
-3.577362597457274,-1.1449216114701533,1.0555573737321278
-0.23363834089659333,-1.473580867072926,-0.727201726875779
1.6266565392161985,-1.1278347488938918,-0.8444256537813365
-1.286987443960786,-0.46369923907406674,1.6475498255851477
-0.17431000204888658,0.589091140065569,0.8276280984453035
0.4161381389758888,-0.2351687409950527,0.19186171001929564
-0.06221927929584931,-0.9406788435343538,0.8412992403000704
1.385465583755477,-0.9732829766493618,-0.881486383644909
-0.8437502691990435,-0.22347095922441243,-1.261682458164068
-0.26382951987029873,0.5326275819678262,-1.3681412911825694
-0.28925315988740236,-0.5559444382658097,0.05587250128870479
1.3618454052900621,1.4769847848523985,-0.2173918247643926
-0.6571969384016693,-0.5052541763504491,0.11725119362340061
1.0324568614095955,-0.9314003808728248,2.3866443805174553
-0.39332074753821444,-1.585393121588535,0.9176478353032178
-0.5737540844959214,0.32385132606781564,-1.8384898807533585
1.45383397771487,1.558711427791244,1.4187949017319446
1.9728734952841966,1.383082148221044,0.6193370799484046
0.031620601193663375,-0.7866476449966046,-1.4443437969309445
-0.7668661692173425,-0.10391605781931597,0.5320715973736073
0.4908781569346377,-0.28095244662922814,-1.688513020061883
-0.07477525732687126,-0.3261635146820333,-0.22544570449601772
-0.7569074805516941,-0.6042206621081284,1.5929380616124358
0.0335277742516598,1.6979383957464473,-0.8295998546807088
-0.7261230752048324,-1.1949338923087773,2.0854419457952686
-0.10647390128684787,0.7879230190227505,1.8267186382034342
-0.5545632309611465,-0.8970273432263505,-1.1784140688042337
-0.0737718871649376,0.893882521431585,1.6680934841597337
-0.23572345587380983,-1.084444775811903,-0.6226378637859139
1.5155743433428075,1.1884445803584573,-0.17283465136656573
1.285764202548997,-0.05052297530788721,-0.3761135511609448
-1.7923872887466101,1.4724559759122158,1.1276256249835828
-1.8520467608448994,0.5526380774822147,-1.2872534693748465
-0.9616506832593675,-0.38868095140915543,0.45628390623291587
0.5815503439507117,-0.6746919397934875,-1.7945519706978992
-0.04591754924213065,1.0948011989808106,-0.24453153443007072
0.8781400417926605,-0.6089978334266737,0.3378264447128237
1.7198091264055195,0.5105041845479046,-0.4109568785856027
0.7343422029579525,0.9622367588156255,-1.2857261833080171
-0.46428026343080236,2.8900386515725716,0.21572627935086283
0.9352686821714311,1.0225109659491147,-0.18547830633674933
1.033360592746151,-0.4074242210267315,-0.9497318455978817
-0.015209132554114473,0.24749101727143769,1.1222513355672055
-1.8811725742078793,0.8305703378738337,-2.1219961348781173
-1.1573819697114975,0.0015178282772206882,-0.9691244338858156
0.20398859553449492,-0.0582924811847094,-0.46634173510031435
1.045911305736952,-1.8545701945235362,-1.9096284551210905
-0.004692267323091122,-1.0983646248558168,0.41018982206824156
-0.3522265274739354,-0.7102474817755413,-0.7414281880683222
-1.01335164103124,1.7149031344117522,-0.7697709544035315
0.7067985481534145,-0.7477657591145833,-0.1145116778393117
0.039701831633858466,0.37100207151509385,1.368404352291236
0.6729908280737374,-0.27633592542935076,-1.2324081523506232
1.1495061340732728,-0.6007277182886355,-1.6905100875293795
-0.9461237088826515,-0.9525895250786858,-1.2394912397576896
-0.5125617898442408,-0.33777738880763203,0.12424934196331117
0.7379743031039316,-0.0010095314008765654,1.3785375395368873
2.183437302295403,0.04572064122714419,0.4045001542924387
0.6532190366030385,0.9155955645329776,0.2801340117957969
0.23695784670658113,-0.2000697697647173,1.773367422613308
0.22680494698055811,-0.11958870091172799,1.1159273154211768
-0.8594538272543507,0.04206021162076188,0.4707745281159974
-0.7057415278595547,0.9982824592413126,-0.6207426875970957
1.1722534467164702,1.1681398191831414,1.4330645269924709
0.3080447800739397,0.7524822036252933,1.238810929777804
-0.8421821148576426,-0.5359026927718787,-0.20536103800219757
-0.6073818623444909,-1.163349924842812,-0.5627567078120893
0.693459517012172,0.12340756622694206,1.8164193991716198
1.1796874412587752,0.8153579851095782,0.5399501590985126
-1.7122589358873668,-0.7634914599615716,-0.40940799134820266
0.6951799862666861,0.8025920708606585,-0.15270948121691127
-0.6855870334561334,0.01770465764882465,1.0873236712903194
-1.4058708154672095,2.042264619054659,-0.9435956409869514
0.10295027645309371,-1.1869748132977957,-0.703817829627255
-0.8988508230862654,-0.587688011528376,-0.11356720832219516
0.0755308314922969,-1.7412284119731645,0.6241295896583186
-0.5439712854288112,-1.0921799756815656,-0.8049201995722445
0.7072518867253067,1.0076274064215907,0.5341500102433455
0.06881836967652218,0.9648779955656198,0.8413038575847671
0.41411672288961066,-1.4488961162307261,-0.4573463761664652
-1.044885772785647,1.795676544241901,0.7682871972628279
-0.8734387449843615,1.0967302063377489,0.022196964521912308
-0.13324240897649753,1.9129238292565975,1.5225291482610361
-0.7546866682405385,-0.39980158799244836,0.12676294623011208
-0.7656141479434188,-0.03758934630002108,1.3780458338506731
3.535280454604225,-2.2433485572156346,0.6519119939115573
-1.1075595789078658,0.38926123461917117,-0.37536534340631783
1.972700493194986,1.5116503832274824,1.4752548071982114
-0.257552957659223,2.343703804267847,0.700625706442811
-1.315759058736129,-0.9878118212936694,0.5297123612757949
0.9381844639923046,0.16113615121517993,-0.8761187744910363
0.2936161093634086,0.22149918967035206,0.6138935839515133
-0.436567338343725,2.0241262598120664,1.1590436807419529
-0.2528521373218539,0.4703952924037277,-1.8863140777894205
0.3869333139232381,-0.4029991434312877,1.0279031389170927
0.9616264698140785,1.2013509164421785,-0.8969691352902663
0.6257351456226004,-0.3856978668865198,-0.3821094283349268
-0.3142467229371586,0.8118500883879978,-1.3607845507219634
0.9391229543784947,-0.6522699614071675,0.4019993057952487
2.8706596656015084,1.64641991556493,-0.6141685724592226
-1.0682325666171057,-1.5812112140840604,-0.029540408303145586
-0.0072153137909008545,-1.052983174687224,1.2727468650927574
-1.309434008540525,0.5515700261349227,0.1917059345069981
0.4744719104209106,1.0209616577595189,-2.554964867441591
-1.5505563951360621,-0.030300015883577714,-0.46184635032707844
-0.3479001706106595,-0.926233162625029,-0.9097109254110797
-0.4190600559936156,-0.9726315152307762,1.7101163103812207
0.3415748693526799,-0.30622496230786445,0.8832696167310095
0.39370154819568365,0.08970696638475219,1.3759865508224458
-1.7497063034112605,0.14638492548607238,0.682210421961393
-0.25709176271191936,2.4033292962947064,-0.25117722903210343
-1.7353209710785964,-0.47357112799095213,0.5061852904855213
-0.9542393611238514,-1.510177796102952,-1.186891280456663
0.3544975103312772,-0.10775092564837964,0.6981237775757114
-0.9519331337894752,0.7420248140672019,1.3713673733215277
-0.453882562521559,1.4425433105743626,0.07814409039821169
-0.7777635719380759,-0.1132478951250951,0.9242816295554384
0.39325810316973253,0.004020012959208024,-1.234651033584988
0.8789284425456501,-0.28939918874582216,-0.4278380380724685
-0.16278941171628478,-0.09651135650691367,-0.11433069528225756
0.7051206604869885,-0.097763659504549,-0.7554908277587032
0.04207774639017763,0.7994736732564819,-0.7445105354082322
0.5102521878895568,-0.48172018350663176,0.4879470610331267
-0.20829647678868968,2.350198179138747,0.18147325705609663
-0.6130990293856069,1.627516844918673,1.5345578953397607
-0.4255176260106567,-1.956521320339752,1.333267103313134
1.3618754822206371,1.0208931151331369,0.48386100388132103
0.43103368913804896,1.2127841601180163,0.015053864886533184
1.7555109174703987,1.0670426078745632,1.048521829029555
0.2061710951301352,-0.4603957824109914,-1.9845125183126833
-0.7655562753165961,-0.03427365422219862,-0.3456667197449087
-1.0981204598938654,-0.07413116926871717,1.4040748199052122
1.8555684205080631,-0.6165320433979332,0.35254370939428875
0.2349694507206321,0.4239966761118491,-0.534731802416836
0.9015570909864633,0.6522747032608519,-1.1055855404963286
1.1932695891033989,-0.4969254259345617,1.1227601143332404
0.1380733101143307,0.7338046791371345,0.7909185184703229
1.2767940160992284,1.2949848803793,-1.0055588326053664
-0.29746767112724626,-0.07179710837530617,-0.05087904213867045
0.7249797480508957,-0.4721087519348289,-0.3892260216568396
-2.146621069723849,1.3247602032904318,-1.6124483465633321
-0.5220900622087159,1.1987021446643178,0.28380871507799044
0.7068525037272535,-1.77640359283408,-0.5984216254567514
0.21966174958506424,-0.519275755078707,-1.1184712738046743
0.5304784511063906,-0.9986307145000692,0.31088948354286
1.3141225360565487,-0.6059599220910487,-1.1151805443485006
-0.6369187396092819,0.8525545099251282,-0.7481555687342444
-1.1701222947535668,-0.9962808392389918,-1.2137019683553276
-0.9210346871466911,1.4077836980118021,0.1799285319085679
0.034551210276840744,0.130767553335039,-0.9997648438597059
0.7446559404990981,-1.167136550503279,-1.3985270366144515
-0.4005592187165116,1.4083766075770938,0.35175460221600585
-0.0367248393067624,-0.3827498978128254,0.28885063852224574
1.7777763134963813,0.025481861792486654,0.5541717039641707
0.947901397608191,-0.2579100305244047,1.6223081719722485
0.6522879182836968,-0.5551533279271419,0.09522181016635699
1.1268843202783043,-0.6164700896238174,1.3027546133813181
-0.5428506279180485,1.8629024298462884,0.9438898919866402
1.6203365571723454,-0.08475564501951575,0.13551503527758743
-0.6437970340958518,0.395207994057518,0.7757137114771679
0.4023033618734332,0.663648677165373,-1.6245381163642292
-0.6506235829882907,1.0928700917568528,-0.9813335451541855
0.6633378240571298,0.6274253702209093,0.6241298070368844
-1.8104929612017946,-2.2783633529804512,-0.4963611766624376
1.002961847915657,-1.7634377470900005,-0.031590334321530765
-1.9795489080442856,-1.814587276351237,1.2740010682254816
0.3679078019273972,0.23943938446640955,1.4611867387893838
-0.16953732432075644,0.0441338697628657,-0.3507336893030912
1.817301967838464,0.8272463398401781,1.201161854286871
1.1063395140795036,-0.07099021388237857,-1.0960167072634384
-1.7326485151859463,1.7507226941677512,0.8363568285065066
0.7123035557800559,-1.0745350864246972,-0.554293583455257
-1.349145889251959,-0.5003463158888608,1.9783675562178697
1.8333895092868293,-1.147770485194803,-0.1705513739327151
1.1727347412978435,-0.02500208408674337,0.22987383904076833
1.225926170654343,-0.5915511256181276,-0.4253857130645505
0.2593255837773812,1.6767532410576276,-1.0324422165714189
1.9551267613660555,-1.1261909842367228,-0.03376733868980152
-1.1847187171907787,-0.5491209943717885,-0.6417492613512895
-1.119748783702853,-0.3112131235339986,-1.9197070043568578
-0.06573994277297032,0.21054840223489182,-0.4112246656791341
0.8563695760175792,-0.9513245361293957,0.0029857219840745313
-0.7335488848997256,0.3576439487731442,0.05854333346839509
-0.4868403114459639,0.006402895755099237,0.5589948579335697
1.019150729951064,1.9381484415795338,-1.1399371906372193
-0.12343805458186884,-0.33438819963110883,-0.30080393200523275
0.3079940252653974,1.6535306249154447,-0.8477050731612431
0.03290103785338076,-0.205773175172215,-1.1674979986419256
-0.9469292798530863,0.7825949946606136,1.1789950551569992
-1.1905329813891665,1.475115863197773,0.5194997320669026
-0.09169210805343704,1.41184572999078,1.0591600196553888
0.39430054520783153,0.3770276191195195,-1.7225113412459148
-1.2748092607044772,-0.02227491834798059,-1.1782990455703597
-1.041348976870295,0.1070896994682719,0.8691629062127496
0.6964466016131935,-0.39660618128389924,0.37425666383451267
0.7904907397058388,0.003927350533424422,2.0182575218991285
0.5693004871411774,-1.198606423149145,1.54133351244284
-2.5029529248895095,-1.3056998866092264,-0.9773055517215903
0.36885236232772023,0.24235942368060334,1.0037757389511608
1.7899114583977465,-0.9588283041745594,-0.43841819369648427
-2.0574380123928364,0.6705729224237315,-0.37792483166759594
-2.004268758051027,0.03523881919983004,-1.1110135695337822
1.4662747944509575,-0.7770299455310112,1.9811899775257311
0.1588614350253209,-1.464115919918213,-0.5659438421515174
-0.8346395147211395,-1.3823009609436372,0.3784843323092431
0.40015328071960593,-1.923770164992363,0.2240303617978149
0.057185291373571756,-1.405913308211571,0.09548850344898523
-0.11274115447774954,-0.14440198778198632,-0.043348367363774516
-0.6817390423583739,-0.17839314423997654,-0.13561173011611466
-1.1396588169091801,-1.3481645419921366,-1.6403507363500687
-2.391400950915735,0.7016677135761413,1.1047892911522614
1.026164737033213,0.44808500263475265,1.6530937361089888
0.3052280198558906,0.2345265254316729,-0.014904797754162796
0.10536817595279306,-1.3741987659579533,0.8188671927596929
-0.237210762778586,0.4843847184853692,-0.214184347118097
-1.3506034172774304,1.078967327379748,-0.14612908784329873
0.9035933395534759,-0.5747479949144738,0.013256077095008078
-0.607901181358808,0.12878451667040988,-1.6569381392772045
-1.983508201312152,-0.23171307411116046,0.30213799214478154
-1.9075822880941844,-0.4292076194508751,-0.19170603412866927
0.12421761053285126,-0.09790253338984102,0.0286102213674759
-0.22051290369229548,1.272063289135246,1.8773333228843547
1.4790183644612684,-0.7480380806401666,-1.176972022856697
1.0647600927465053,0.0321630947607764,0.30038074319817915
-1.3024792262950995,2.5854603619709593,0.8074577034836917
-0.667816607907085,-0.905209031557941,0.39266216816195487
-1.4729367529046882,0.3227866829180579,0.10866624178786166
-1.2404369517731704,-0.6846357027991534,-0.5036575880711949
1.0608879968224696,0.8123852557689556,-0.7446482955687996
-0.9722931403009418,-0.7871250079230289,-0.9793963007859114
0.25039990908597637,0.14003446102780615,-0.668581958735078
1.14830010775558,0.21908051312332316,-2.2553016553776137
0.7138137116884815,-0.6568923949675507,-0.05424171860290587
0.4956444142425221,-0.4231500861580675,1.4740763848130822
0.4833979482555673,1.7830431123185182,0.840705351634289
-1.3324886041061592,-1.3760338256490443,-0.288607416930488
-0.1364698610956339,0.5788272084848132,0.24794751866498702
-0.420248455324798,-0.20712036089298608,0.05925892962399441
1.4471197575207604,0.5812134927001279,0.762674101310649
1.2125753113956745,-0.8011633945221431,0.4809892824537732
-1.1634858221031927,2.259940486563325,-1.6738921552091584
0.3207204942675257,-1.269919384991029,-0.16165148589811013
-1.3846534075950765,0.34631304775743743,-0.01614630731990706
2.06615489410128,0.9257548192001173,0.9202064579052107
1.0972323241011934,-0.1796777240495113,0.8299421558909195
-0.38928204420802265,-1.1253344042644442,-1.9800305539016276
-1.0065699559812313,-1.314594070715219,0.6142332489626322
8.324896204670729e-05,0.24294563507689532,-0.5855552685299846
-0.020495608101011194,-0.5660336682759678,-0.3594555818395784
1.4498435101731617,-0.8205674445994804,-0.5883323344900321
-0.06865643732938717,1.298416876010641,-0.35222022622510213
1.8836670948130645,-0.9618662792878294,-1.578013067271702
1.8572194270997235,-0.779402769870922,-0.30775913673179717
-0.13116532003469608,0.17229037860727853,-0.7071250292242508
-1.144063277696611,0.6919729720520256,-0.9783115796351175
0.5219756722384603,-0.35166118906673854,1.5158891069849731
1.4250661426572013,-0.36024483726456746,-1.7018395134000237
-0.47808084478512036,1.2676972059845262,0.5250233362027142
-0.12358916111115374,0.16200056784863665,1.3800702502416697
-1.2629722716345422,0.8751779502510485,0.7230226591713714
2.8370606990600424,-0.3669811380529597,-1.2029858769808879
0.934828891409512,0.41044080663175136,0.791132252044077
0.3493395024584091,-0.2700543948485862,1.2333880330044282
-2.7721002974715723,-0.42041655431233077,-0.6177298489578215
-0.5278406197619596,1.4275806310708912,1.2338249217375759
-0.41639284891299155,0.06082608200165399,0.723885426696579
-0.7948649334754965,-0.93888065996631,-1.7380067674925848
-0.3682723570290446,0.7653131449912592,-0.7949406331235845
0.8552578619116719,0.7616040124798282,0.8730708555997463
-0.7812294809324152,0.5791995770294491,-1.935136525599274
1.008147290516044,-0.3730328845552623,-1.7498782252141252
1.0403068246123597,1.1870391708795347,0.20780884927051296
-0.239118669437783,-0.12257245540200161,-0.4156655786665744
-0.5380872659916812,0.9132225812785055,-1.1812157162396466
-1.6254393383991639,0.2308030462619829,0.2190566162144488
1.5774729153402174,-2.0922375461282043,1.0717477989069149
-1.5627459513260324,1.3561018460262535,1.107713501036446
-0.8355648552249467,1.344962655022791,-0.04294344783018965
1.4027785649584856,1.0621434704762869,0.21039387462579914
0.0239349115772964,1.1267236940174603,-0.19644844339032147
0.6277792950314574,0.021487512385412178,-0.41545236108943484
0.5279388653594705,0.15115370850389548,0.6610524977705986
-0.7943221805679791,0.8481595219824453,1.6472959082149172
-0.03915021412307344,0.3149938670327803,0.3106101250986444
-1.0691802683424854,-0.06426265791901964,-0.9540217349736315
0.409905175304712,-0.43179302951977516,0.380656370168191
-1.2958240474653167,-1.1842624666932733,-0.588842016234923
-0.6274453430995249,0.5892764379377193,-1.231345843564186
0.7980612527698149,-0.6310660850668981,-1.2645341172374658
-1.2172899655675338,0.2831924960780314,1.1241803310809075
-0.22584298682411436,-0.29811510260192414,0.6342567323563711
-1.1856615049313117,-1.5123271136707757,-0.577804718031146
-1.7926404679132588,-1.13455676765453,-1.0736205940781187
0.8921225872096893,-0.47259794324461585,1.3587802665900226
-0.8521412575164296,0.03265249518370835,-0.4044203987824254
-1.6111546059458497,0.49787496912452744,-0.7520297437994204
-1.0738219690112474,0.8813499676442049,-1.8505832421084145
-0.7665656456890475,1.251848780397557,-1.1684180010150746
-0.49158279606589433,-0.5770685602163456,1.654614703513027
-1.4569987695983262,0.9343671725941269,-0.9992381663529665
-0.6436799043535588,-0.6711573413694895,1.1170993090949286
-0.7404294805506576,-2.586950438541348,-0.8501928392214995
-1.0667806385751748,0.39829637415476754,-0.6216427892792218
-0.5848824073523464,-0.37515338852298064,-0.02975096542812411
-1.692094057183958,0.3079648053783285,-0.6072717017946976
-0.33176106102125574,0.5742032118336713,1.5766796116159763
-0.6021385773023756,-0.27826579655673733,-1.944556405536695
0.0018797148148887526,-0.9865829694871223,-0.14920589513202553
0.32842608329843176,-0.9346627936948353,-1.3664909046073395
1.3411403465752458,0.4630215704429129,-1.172815528050386
1.2435890018036082,0.13138513501868032,1.5890135904584204
0.8410530371713876,0.23058451954860296,-0.7746237387187371
0.2816333322665468,0.23477172376484148,-0.25438819754863096
-1.330622530879936,-0.05352753299500047,-0.6996128862828178
0.2156276425295866,-0.14709510028958395,-0.2764972817225837
0.03390038166450827,0.43473309627468754,-0.5218631365945806
-0.03723779796900735,0.7085483004995524,-0.22860529286236028
-0.4879118922672056,-1.261862618966948,0.17247664268992563
-1.5297458713060466,-1.159017942853417,-0.5119698761213581
-0.14336319840006523,1.0105879863265743,-0.2863187026514666
-0.9142491993377151,-0.3430889679690985,-1.3819471165770172
-0.5859865305162738,1.1934591015163019,1.0740813845111241
-0.9747402458777643,0.3036402677612678,-0.6996367713727436
0.038270165038537515,0.07688099513124308,1.3073309608634525
0.2714121506734179,-0.12133983696019611,-0.6993388043423219
-0.07461907026768119,-0.10469684183590565,-0.30830592052735456
-0.5971049208040851,-0.5704168594866191,1.9840837802002325
-1.382668785744284,0.049329323000268585,0.3074984362277781
-0.31790168970972404,-0.9836761345926592,-2.909403658972194
-0.1967782561546334,-1.064385285052286,0.10849064283799231
0.9801133001685918,-1.1928216112371293,-0.36079103670920165
1.2946151387334506,1.8977105225515036,-1.484655114878368
-1.3942093522574865,-1.2337775618474898,-0.35501645362341366
-0.22533786695867314,1.088465325009038,-0.49212649099919736
-1.3822732443613048,-1.366801535784485,3.035038798686805
-0.3158873963455266,-0.05987699702572104,-0.6444165242671825
-0.08766918136153881,-0.9733858237807316,0.8210884096172343
-0.5558137833900477,1.5115417950621448,-0.6135348941335576
-1.041408809428581,0.14272284942003896,1.6063377372383216
1.3610328978045445,-0.28420211925113625,0.4294229489109055
-0.0756298110006355,-0.19963732532447845,-0.4288766534544239
0.8068293220899152,-0.004045809112807822,-0.7491841602799637
1.016200593775168,-0.2463878167275834,0.004240882518540248
1.6993011901364583,0.5112712144430988,2.3347740615695765
-0.8746137687523765,-0.04361076421863043,1.8277243151902414
